                  epoch,         train/box_loss,         train/cls_loss,         train/dfl_loss,   metrics/precision(B),      metrics/recall(B),       metrics/mAP50(B),    metrics/mAP50-95(B),           val/box_loss,           val/cls_loss,           val/dfl_loss,                 lr/pg0,                 lr/pg1,                 lr/pg2
                      1,                 2.9026,                 5.3792,                 2.2992,                0.47505,                0.25766,                0.22647,                0.13649,                  2.675,                 3.1472,                  2.306,             0.00013254,             0.00013254,             0.00013254
                      2,                 2.8885,                 3.3865,                 2.3409,                0.53328,                0.30725,                0.26737,                0.15691,                 2.8728,                 3.1192,                 2.4601,             0.00026456,             0.00026456,             0.00026456
                      3,                 2.9309,                 3.1126,                 2.3866,                0.55926,                0.30753,                0.30619,                0.18174,                 2.7236,                 2.8583,                  2.453,             0.00039526,             0.00039526,             0.00039526
                      4,                 2.9033,                 2.9561,                  2.353,                0.59008,                0.31714,                0.33489,                0.20017,                 2.7215,                 2.8403,                 2.4293,             0.00039406,             0.00039406,             0.00039406
                      5,                 2.8973,                 2.8552,                 2.3503,                0.61968,                0.33584,                0.34751,                0.21199,                 2.6885,                 2.6807,                 2.3714,             0.00039208,             0.00039208,             0.00039208
                      6,                 2.8518,                  2.735,                 2.3299,                0.55196,                0.39117,                 0.3633,                0.21647,                 2.7805,                 2.6538,                 2.4272,              0.0003901,              0.0003901,              0.0003901
                      7,                  2.792,                 2.6687,                 2.3112,                 0.6506,                0.35266,                0.37546,                0.22502,                  2.733,                 2.6325,                 2.4045,             0.00038812,             0.00038812,             0.00038812
                      8,                 2.7694,                 2.5759,                 2.2819,                 0.6538,                0.37104,                0.38501,                0.22526,                 2.7271,                  2.595,                 2.3916,             0.00038614,             0.00038614,             0.00038614
                      9,                 2.7388,                  2.521,                 2.2724,                0.60237,                0.38351,                0.40106,                 0.2406,                 2.7094,                 2.5356,                 2.3739,             0.00038416,             0.00038416,             0.00038416
                     10,                  2.766,                 2.4719,                  2.272,                0.69197,                0.36198,                0.41019,                 0.2571,                  2.655,                 2.4947,                 2.3582,             0.00038218,             0.00038218,             0.00038218
                     11,                  2.684,                 2.3758,                 2.2373,                0.55831,                0.41259,                0.39906,                0.23973,                 2.7221,                  2.502,                  2.394,              0.0003802,              0.0003802,              0.0003802
                     12,                 2.7226,                   2.36,                 2.2358,                0.57146,                0.36064,                0.40449,                0.24517,                 2.6601,                 2.5085,                 2.3755,             0.00037822,             0.00037822,             0.00037822
                     13,                 2.6739,                 2.3014,                  2.237,                0.64019,                 0.3898,                0.42075,                0.25489,                 2.7381,                 2.5223,                 2.4063,             0.00037624,             0.00037624,             0.00037624
                     14,                  2.652,                 2.2785,                 2.2205,                0.58671,                0.44489,                0.44841,                 0.2742,                 2.7281,                 2.4133,                 2.4029,             0.00037426,             0.00037426,             0.00037426
                     15,                 2.6336,                 2.2189,                 2.2251,                0.70335,                0.37384,                0.44125,                0.26618,                 2.7378,                 2.4308,                 2.3852,             0.00037228,             0.00037228,             0.00037228
                     16,                 2.6296,                 2.2187,                 2.2006,                0.55524,                 0.3998,                0.42657,                0.25615,                 2.7113,                 2.4333,                 2.4021,              0.0003703,              0.0003703,              0.0003703
                     17,                 2.6026,                 2.1686,                  2.205,                0.64322,                0.39513,                0.45053,                0.27418,                 2.7352,                 2.4595,                 2.3785,             0.00036832,             0.00036832,             0.00036832
                     18,                 2.5996,                  2.141,                 2.1937,                0.72028,                0.37171,                0.45188,                0.27319,                 2.8198,                  2.512,                 2.4478,             0.00036634,             0.00036634,             0.00036634
                     19,                  2.564,                 2.1041,                 2.1881,                0.60328,                0.37961,                0.47519,                0.26648,                 2.6884,                 2.4118,                   2.37,             0.00036436,             0.00036436,             0.00036436
                     20,                 2.5474,                 2.0599,                 2.1571,                0.55698,                0.44311,                0.41607,                0.25369,                 2.7393,                 2.4879,                 2.3981,             0.00036238,             0.00036238,             0.00036238
                     21,                  2.536,                 2.0393,                 2.1668,                0.63283,                0.41834,                0.43552,                0.26291,                 2.6623,                 2.4053,                 2.3562,              0.0003604,              0.0003604,              0.0003604
                     22,                 2.5511,                  2.034,                 2.1665,                0.60341,                0.39672,                0.43697,                 0.2615,                 2.7341,                 2.4395,                  2.401,             0.00035842,             0.00035842,             0.00035842
                     23,                 2.5403,                 2.0214,                  2.153,                0.57725,                0.43025,                0.45241,                0.27628,                 2.7881,                  2.494,                 2.4212,             0.00035644,             0.00035644,             0.00035644
                     24,                  2.526,                 1.9669,                 2.1339,                0.54366,                0.47076,                0.51261,                 0.2986,                 2.7022,                  2.336,                  2.393,             0.00035446,             0.00035446,             0.00035446
                     25,                 2.4916,                 1.9435,                 2.1315,                0.61788,                0.41466,                0.44914,                0.27193,                 2.7831,                  2.441,                 2.4237,             0.00035248,             0.00035248,             0.00035248
                     26,                 2.4933,                 1.9389,                 2.1401,                0.67865,                0.40266,                0.41996,                0.25345,                 2.7606,                 2.4899,                 2.4297,              0.0003505,              0.0003505,              0.0003505
                     27,                 2.4648,                 1.8806,                  2.115,                 0.7193,                0.41694,                0.47378,                0.28026,                 2.8144,                 2.4684,                  2.411,             0.00034852,             0.00034852,             0.00034852
                     28,                 2.4715,                 1.8824,                 2.1134,                0.66876,                0.38903,                0.45328,                0.27602,                 2.7671,                 2.4371,                 2.4111,             0.00034654,             0.00034654,             0.00034654
                     29,                 2.4472,                 1.8593,                 2.1104,                0.72359,                0.39187,                0.49487,                0.29147,                 2.7959,                 2.3988,                 2.4384,             0.00034456,             0.00034456,             0.00034456
                     30,                 2.4424,                 1.8488,                 2.1092,                 0.6464,                 0.4384,                0.47289,                0.28417,                 2.7845,                 2.3718,                  2.425,             0.00034258,             0.00034258,             0.00034258
                     31,                 2.4371,                 1.8355,                 2.1187,                0.71763,                0.40338,                0.51528,                0.29465,                 2.7561,                 2.4361,                 2.4069,              0.0003406,              0.0003406,              0.0003406
                     32,                 2.4345,                 1.8061,                 2.1093,                0.58972,                0.42066,                0.47365,                0.29222,                  2.704,                 2.3613,                  2.396,             0.00033862,             0.00033862,             0.00033862
                     33,                  2.416,                  1.777,                 2.1014,                0.70643,                 0.3973,                0.48238,                0.27551,                 2.8792,                  2.438,                 2.4802,             0.00033664,             0.00033664,             0.00033664
                     34,                 2.4051,                 1.7687,                 2.0895,                0.62862,                0.40944,                 0.5167,                0.29782,                 2.7512,                 2.3716,                 2.4209,             0.00033466,             0.00033466,             0.00033466
                     35,                 2.3753,                   1.74,                 2.0876,                0.43347,                0.52978,                0.44438,                0.26544,                 2.8011,                 2.3981,                 2.4477,             0.00033268,             0.00033268,             0.00033268
                     36,                 2.3764,                 1.7481,                 2.0911,                0.63822,                0.47173,                0.51379,                0.29303,                 2.7532,                 2.3742,                  2.421,              0.0003307,              0.0003307,              0.0003307
                     37,                  2.379,                 1.7076,                 2.0743,                0.61676,                0.46187,                0.50253,                0.27943,                 2.8153,                 2.4691,                 2.4779,             0.00032872,             0.00032872,             0.00032872
                     38,                 2.3767,                 1.7072,                   2.06,                0.70084,                0.39421,                0.51589,                0.29109,                 2.7994,                 2.4525,                 2.4237,             0.00032674,             0.00032674,             0.00032674
                     39,                 2.3655,                 1.7018,                 2.0623,                 0.6047,                0.47264,                0.50743,                0.29098,                 2.8131,                 2.4917,                 2.4498,             0.00032476,             0.00032476,             0.00032476
                     40,                 2.3306,                 1.6752,                  2.055,                0.71563,                0.44623,                0.50831,                0.28495,                 2.8403,                 2.4693,                  2.444,             0.00032278,             0.00032278,             0.00032278
                     41,                 2.3302,                 1.6769,                 2.0613,                0.38513,                0.46777,                0.44107,                0.26966,                 2.7463,                 2.4508,                 2.4086,              0.0003208,              0.0003208,              0.0003208
                     42,                 2.3328,                 1.6655,                 2.0503,                0.55377,                0.54956,                0.51796,                0.29072,                 2.8017,                 2.4992,                  2.419,             0.00031882,             0.00031882,             0.00031882
                     43,                  2.325,                 1.6501,                 2.0393,                0.67102,                0.45504,                0.52446,                0.29619,                 2.7576,                 2.4645,                 2.4151,             0.00031684,             0.00031684,             0.00031684
                     44,                 2.3123,                 1.6233,                 2.0498,                0.55788,                0.49995,                0.49289,                0.27767,                 2.7629,                 2.4894,                 2.4144,             0.00031486,             0.00031486,             0.00031486
                     45,                 2.3139,                  1.616,                 2.0283,                0.63129,                0.50045,                0.50545,                0.28918,                 2.7799,                  2.492,                 2.4273,             0.00031288,             0.00031288,             0.00031288
                     46,                 2.2922,                 1.5957,                 2.0352,                0.46135,                0.52254,                0.49078,                0.27671,                 2.7756,                 2.4602,                 2.4253,              0.0003109,              0.0003109,              0.0003109
                     47,                 2.2982,                 1.6023,                 2.0332,                0.55695,                0.49638,                0.48275,                0.27333,                 2.7915,                 2.5131,                 2.4439,             0.00030892,             0.00030892,             0.00030892
                     48,                 2.2837,                 1.5923,                 2.0208,                  0.611,                0.47796,                0.51271,                0.29265,                 2.7457,                 2.4499,                  2.413,             0.00030694,             0.00030694,             0.00030694
                     49,                 2.2578,                 1.5673,                 2.0267,                0.72657,                0.45855,                0.50953,                0.29799,                 2.7736,                 2.5452,                 2.4528,             0.00030496,             0.00030496,             0.00030496
                     50,                  2.283,                 1.5805,                 2.0259,                0.61297,                0.46909,                0.49398,                0.28321,                 2.7559,                 2.4108,                 2.3976,             0.00030298,             0.00030298,             0.00030298
                     51,                  2.271,                 1.5564,                 2.0114,                0.54863,                0.53127,                0.51499,                0.29449,                 2.7641,                 2.5354,                 2.4279,               0.000301,               0.000301,               0.000301
                     52,                  2.265,                 1.5437,                 2.0153,                0.55778,                0.47261,                0.51664,                0.29321,                 2.7516,                  2.409,                 2.4266,             0.00029902,             0.00029902,             0.00029902
                     53,                 2.2283,                 1.5249,                 2.0056,                0.72575,                0.43412,                0.50287,                0.28733,                 2.7949,                 2.4849,                 2.4531,             0.00029704,             0.00029704,             0.00029704
                     54,                 2.2264,                 1.5185,                 2.0086,                0.60474,                0.48725,                 0.5075,                0.28719,                 2.7951,                 2.5296,                 2.4577,             0.00029506,             0.00029506,             0.00029506
                     55,                 2.2425,                 1.5224,                 2.0003,                0.54297,                0.48566,                0.50942,                0.29174,                 2.7692,                 2.5132,                 2.4405,             0.00029308,             0.00029308,             0.00029308
                     56,                 2.2156,                 1.5024,                 1.9997,                0.52732,                0.52888,                0.51234,                0.29517,                 2.7431,                 2.4707,                 2.4239,              0.0002911,              0.0002911,              0.0002911
                     57,                 2.1972,                 1.4871,                 1.9964,                 0.7518,                0.43931,                0.49684,                0.28522,                 2.7364,                  2.513,                 2.4178,             0.00028912,             0.00028912,             0.00028912
                     58,                 2.1975,                 1.4704,                 1.9931,                0.54863,                0.47611,                0.51241,                0.29467,                 2.8014,                 2.5049,                 2.4589,             0.00028714,             0.00028714,             0.00028714
                     59,                 2.2074,                 1.4785,                 1.9947,                0.53824,                0.46692,                 0.4871,                0.27497,                 2.8085,                 2.5331,                 2.4704,             0.00028516,             0.00028516,             0.00028516
                     60,                 2.1918,                 1.4625,                  1.992,                  0.587,                0.49756,                0.51533,                0.29453,                 2.7466,                 2.4712,                 2.4245,             0.00028318,             0.00028318,             0.00028318
                     61,                 2.1812,                 1.4525,                 1.9954,                0.62915,                0.48817,                0.51433,                0.29176,                 2.7912,                 2.5242,                 2.4773,              0.0002812,              0.0002812,              0.0002812
                     62,                 2.1963,                 1.4582,                 1.9838,                0.67169,                  0.447,                 0.5146,                0.29533,                 2.7724,                  2.566,                 2.4413,             0.00027922,             0.00027922,             0.00027922
                     63,                 2.1479,                 1.4188,                 1.9718,                0.68198,                0.44693,                0.52227,                0.30693,                 2.7147,                 2.5828,                  2.418,             0.00027724,             0.00027724,             0.00027724
                     64,                 2.1768,                  1.436,                 1.9681,                0.71142,                0.46826,                0.51786,                0.29291,                  2.775,                 2.5395,                 2.4472,             0.00027526,             0.00027526,             0.00027526
                     65,                 2.1305,                   1.42,                 1.9714,                0.70195,                0.47063,                0.51415,                0.29384,                 2.7647,                 2.4401,                 2.4572,             0.00027328,             0.00027328,             0.00027328
                     66,                 2.1569,                 1.4209,                 1.9724,                0.73974,                0.45966,                0.52004,                 0.3006,                  2.804,                 2.5302,                 2.4776,              0.0002713,              0.0002713,              0.0002713
                     67,                 2.1758,                 1.4432,                 1.9741,                0.71643,                0.45493,                0.50984,                 0.2851,                 2.7956,                 2.5696,                 2.4788,             0.00026932,             0.00026932,             0.00026932
                     68,                 2.1466,                 1.4134,                 1.9643,                0.75783,                0.45101,                0.52333,                0.29961,                 2.7845,                 2.5145,                 2.4748,             0.00026734,             0.00026734,             0.00026734
                     69,                 2.1355,                 1.4095,                 1.9657,                 0.7191,                0.44765,                0.49594,                0.27673,                 2.7778,                 2.5687,                 2.4481,             0.00026536,             0.00026536,             0.00026536
                     70,                 2.1621,                  1.408,                 1.9696,                0.68778,                0.48281,                0.51055,                 0.2913,                 2.7678,                 2.5551,                 2.4451,             0.00026338,             0.00026338,             0.00026338
                     71,                 2.1308,                 1.3906,                  1.959,                0.73106,                0.45245,                0.51176,                0.29613,                 2.7613,                 2.5533,                 2.4498,              0.0002614,              0.0002614,              0.0002614
                     72,                 2.1389,                 1.4009,                 1.9644,                0.60772,                0.49025,                0.51432,                0.29218,                 2.7704,                 2.5344,                 2.4372,             0.00025942,             0.00025942,             0.00025942
                     73,                 2.1336,                 1.3801,                 1.9564,                0.68302,                0.48127,                0.51443,                0.29649,                 2.7622,                 2.4827,                 2.4401,             0.00025744,             0.00025744,             0.00025744
                     74,                 2.0942,                 1.3769,                 1.9564,                0.60011,                0.49116,                0.52081,                0.29896,                  2.767,                 2.5761,                  2.448,             0.00025546,             0.00025546,             0.00025546
                     75,                 2.1077,                 1.3614,                  1.943,                0.69538,                0.45861,                0.50732,                0.28959,                 2.7971,                 2.6315,                 2.4589,             0.00025348,             0.00025348,             0.00025348
                     76,                 2.1039,                 1.3531,                 1.9497,                0.71846,                0.47214,                0.52253,                0.29772,                 2.7894,                 2.5482,                 2.4592,              0.0002515,              0.0002515,              0.0002515
                     77,                 2.1067,                 1.3561,                 1.9448,                0.75448,                0.43251,                0.51859,                0.29325,                 2.8102,                 2.5787,                 2.4897,             0.00024952,             0.00024952,             0.00024952
                     78,                 2.0838,                 1.3396,                 1.9483,                0.61182,                0.48324,                0.51141,                 0.2913,                 2.7885,                 2.6076,                  2.468,             0.00024754,             0.00024754,             0.00024754
                     79,                  2.093,                 1.3456,                  1.939,                0.60364,                0.49116,                0.50845,                0.28805,                 2.8303,                 2.6077,                 2.5029,             0.00024556,             0.00024556,             0.00024556
                     80,                 2.0796,                 1.3409,                 1.9387,                0.68428,                0.47631,                0.51195,                0.28832,                  2.806,                 2.6167,                 2.4706,             0.00024358,             0.00024358,             0.00024358
                     81,                 2.0578,                 1.3149,                 1.9266,                0.61325,                0.46115,                 0.5227,                 0.3042,                 2.7631,                 2.5019,                 2.4547,              0.0002416,              0.0002416,              0.0002416
                     82,                 2.0526,                 1.3137,                 1.9255,                0.62682,                0.48344,                0.51355,                0.29179,                 2.7919,                  2.585,                 2.4954,             0.00023962,             0.00023962,             0.00023962
                     83,                 2.0615,                 1.3146,                 1.9294,                0.64901,                0.48329,                 0.5158,                0.30128,                 2.7809,                 2.6146,                 2.4598,             0.00023764,             0.00023764,             0.00023764
                     84,                 2.0348,                 1.2912,                 1.9257,                0.57361,                0.47392,                0.50877,                0.30011,                 2.7915,                 2.6345,                 2.4769,             0.00023566,             0.00023566,             0.00023566
                     85,                 2.0506,                 1.3232,                 1.9268,                0.65073,                0.46402,                0.51308,                0.29414,                 2.8188,                 2.6191,                 2.4848,             0.00023368,             0.00023368,             0.00023368
                     86,                 2.0362,                 1.3031,                 1.9289,                 0.7265,                0.47608,                0.51742,                0.29886,                 2.7982,                 2.6199,                 2.4828,              0.0002317,              0.0002317,              0.0002317
                     87,                 2.0609,                 1.3172,                 1.9163,                0.72347,                0.44273,                 0.4996,                0.28283,                 2.8078,                 2.6864,                 2.4844,             0.00022972,             0.00022972,             0.00022972
                     88,                 2.0642,                  1.299,                 1.9316,                0.72676,                0.45372,                0.51021,                0.29099,                  2.788,                 2.6209,                 2.4627,             0.00022774,             0.00022774,             0.00022774
                     89,                 2.0343,                  1.288,                  1.928,                0.65766,                0.47418,                0.51919,                 0.2978,                  2.811,                  2.642,                 2.4895,             0.00022576,             0.00022576,             0.00022576
                     90,                 2.0175,                 1.2843,                 1.9311,                0.62348,                 0.4612,                0.52328,                0.29125,                 2.8169,                 2.6158,                  2.481,             0.00022378,             0.00022378,             0.00022378
                     91,                 2.0294,                 1.2772,                  1.918,                0.65097,                 0.4808,                0.52319,                0.29937,                 2.8222,                 2.6325,                 2.4787,              0.0002218,              0.0002218,              0.0002218
                     92,                 2.0257,                 1.2832,                 1.9232,                0.69193,                0.47852,                0.52572,                0.30415,                 2.7776,                  2.607,                   2.48,             0.00021982,             0.00021982,             0.00021982
                     93,                 1.9989,                 1.2563,                 1.9156,                0.63541,                0.49674,                 0.5297,                0.29752,                  2.794,                 2.5936,                 2.4847,             0.00021784,             0.00021784,             0.00021784
                     94,                 2.0133,                 1.2571,                  1.909,                0.58646,                 0.4919,                0.52181,                0.29315,                 2.8022,                 2.6049,                 2.5055,             0.00021586,             0.00021586,             0.00021586
                     95,                 2.0026,                 1.2559,                 1.9107,                0.54738,                0.50641,                0.51722,                0.29671,                 2.8095,                 2.5837,                 2.4839,             0.00021388,             0.00021388,             0.00021388
                     96,                 1.9895,                  1.244,                 1.9005,                0.72813,                0.46905,                0.51448,                0.29718,                 2.7749,                 2.5595,                 2.4781,              0.0002119,              0.0002119,              0.0002119
                     97,                  1.974,                 1.2331,                 1.9067,                0.68054,                0.50361,                0.51015,                0.28972,                 2.7887,                 2.6776,                 2.4913,             0.00020992,             0.00020992,             0.00020992
                     98,                  1.979,                 1.2372,                  1.896,                0.72384,                 0.4801,                0.51743,                0.29724,                 2.7939,                 2.6378,                 2.4871,             0.00020794,             0.00020794,             0.00020794
                     99,                 1.9795,                 1.2353,                 1.9069,                0.75136,                0.46778,                0.52481,                0.30211,                 2.8041,                 2.5543,                 2.5021,             0.00020596,             0.00020596,             0.00020596
                    100,                 1.9825,                 1.2488,                 1.8977,                0.67777,                0.51586,                0.52108,                0.29506,                 2.8214,                 2.5508,                 2.5026,             0.00020398,             0.00020398,             0.00020398
                    101,                 1.9997,                 1.2353,                  1.896,                0.66259,                0.47892,                0.51986,                0.29991,                 2.7966,                 2.6247,                 2.4992,               0.000202,               0.000202,               0.000202
                    102,                 1.9503,                 1.2273,                 1.8966,                0.74484,                0.46666,                0.51899,                0.29913,                  2.741,                 2.6383,                 2.4679,             0.00020002,             0.00020002,             0.00020002
                    103,                 1.9534,                 1.2162,                 1.9063,                0.68993,                0.46912,                0.52505,                0.30171,                 2.8033,                 2.6435,                 2.5049,             0.00019804,             0.00019804,             0.00019804
                    104,                 1.9912,                 1.2434,                  1.909,                0.68978,                0.49468,                0.51928,                0.30572,                 2.7714,                 2.6269,                 2.4759,             0.00019606,             0.00019606,             0.00019606
                    105,                 1.9876,                 1.2314,                 1.8932,                0.59328,                0.47494,                 0.5193,                0.30309,                 2.7701,                 2.5996,                 2.4644,             0.00019408,             0.00019408,             0.00019408
                    106,                 1.9603,                 1.2221,                 1.8944,                 0.6414,                0.48419,                0.51739,                0.30132,                 2.7996,                 2.6416,                 2.4889,              0.0001921,              0.0001921,              0.0001921
                    107,                   1.96,                 1.2145,                 1.8904,                0.68712,                0.46072,                 0.5144,                0.29358,                 2.8054,                  2.634,                 2.5115,             0.00019012,             0.00019012,             0.00019012
                    108,                 1.9748,                 1.2178,                 1.8913,                 0.6396,                0.47847,                 0.5061,                0.29403,                 2.8003,                 2.7285,                 2.4983,             0.00018814,             0.00018814,             0.00018814
                    109,                  1.937,                 1.2028,                 1.8862,                0.59522,                0.46616,                0.51134,                0.29821,                 2.8093,                 2.6715,                 2.5181,             0.00018616,             0.00018616,             0.00018616
                    110,                 1.9118,                 1.1775,                 1.8746,                0.61537,                0.45335,                0.51035,                0.29626,                 2.8043,                 2.7484,                 2.5067,             0.00018418,             0.00018418,             0.00018418
                    111,                 1.9403,                 1.1947,                  1.872,                0.56751,                0.47061,                0.50277,                0.29502,                  2.809,                 2.7403,                 2.5195,              0.0001822,              0.0001822,              0.0001822
                    112,                 1.9247,                  1.183,                 1.8752,                0.60048,                0.48156,                0.51512,                0.29839,                 2.8136,                 2.7347,                 2.4987,             0.00018022,             0.00018022,             0.00018022
                    113,                 1.9492,                 1.1957,                 1.8801,                0.59226,                0.46971,                0.51336,                0.29918,                 2.7944,                 2.7093,                 2.4959,             0.00017824,             0.00017824,             0.00017824
                    114,                 1.9086,                 1.1826,                 1.8849,                0.67409,                0.47381,                0.52155,                0.30274,                 2.8029,                 2.6573,                   2.51,             0.00017626,             0.00017626,             0.00017626
                    115,                 1.9299,                 1.2063,                 1.8844,                0.66136,                0.48526,                0.52512,                0.29833,                 2.8115,                 2.6649,                 2.5062,             0.00017428,             0.00017428,             0.00017428
                    116,                 1.9255,                 1.1946,                 1.8784,                0.65251,                0.48087,                0.51899,                0.29448,                 2.7908,                 2.6876,                 2.4906,              0.0001723,              0.0001723,              0.0001723
                    117,                 1.8996,                 1.1848,                 1.8754,                 0.7494,                0.46981,                0.52323,                 0.3032,                 2.7725,                 2.6875,                 2.4851,             0.00017032,             0.00017032,             0.00017032
                    118,                 1.9071,                 1.1819,                 1.8742,                0.73548,                 0.4638,                0.51377,                0.30073,                 2.7997,                 2.6776,                 2.4962,             0.00016834,             0.00016834,             0.00016834
                    119,                 1.8859,                 1.1634,                 1.8736,                0.62617,                0.45949,                0.51328,                0.30184,                  2.794,                 2.6868,                 2.4998,             0.00016636,             0.00016636,             0.00016636
                    120,                 1.8807,                 1.1511,                 1.8762,                0.64122,                0.46634,                0.50878,                0.29191,                 2.8027,                 2.7273,                 2.5118,             0.00016438,             0.00016438,             0.00016438
                    121,                 1.8763,                 1.1471,                 1.8716,                0.57798,                0.47351,                 0.5151,                0.29351,                 2.8241,                 2.7445,                 2.5173,              0.0001624,              0.0001624,              0.0001624
                    122,                 1.8887,                 1.1591,                 1.8643,                0.67524,                0.46926,                0.51037,                0.29296,                 2.8084,                 2.7319,                 2.4991,             0.00016042,             0.00016042,             0.00016042
                    123,                  1.893,                  1.151,                 1.8765,                0.60545,                 0.4579,                0.51349,                0.29296,                 2.8053,                 2.7165,                 2.5213,             0.00015844,             0.00015844,             0.00015844
                    124,                  1.908,                 1.1663,                 1.8721,                0.52337,                0.50186,                0.51536,                 0.2948,                 2.8077,                 2.7319,                 2.5087,             0.00015646,             0.00015646,             0.00015646
                    125,                 1.8968,                  1.156,                 1.8688,                0.72626,                0.45585,                0.51484,                 0.3013,                 2.8188,                 2.6884,                  2.525,             0.00015448,             0.00015448,             0.00015448
                    126,                 1.8753,                 1.1385,                 1.8594,                  0.734,                0.46693,                0.51395,                 0.3013,                 2.8026,                 2.7203,                  2.512,              0.0001525,              0.0001525,              0.0001525
                    127,                 1.8977,                 1.1495,                 1.8613,                0.64409,                0.48737,                0.51938,                0.29773,                 2.8246,                 2.7212,                 2.5293,             0.00015052,             0.00015052,             0.00015052
                    128,                 1.8491,                 1.1265,                 1.8568,                0.74601,                0.45442,                0.50842,                0.29965,                 2.7966,                 2.7664,                 2.5025,             0.00014854,             0.00014854,             0.00014854
                    129,                 1.8709,                 1.1353,                 1.8653,                0.56441,                0.49326,                0.50605,                0.29836,                  2.787,                 2.7175,                 2.4947,             0.00014656,             0.00014656,             0.00014656
                    130,                 1.8654,                 1.1386,                 1.8593,                0.58849,                0.48867,                0.51333,                0.30376,                 2.7926,                 2.7215,                 2.5118,             0.00014458,             0.00014458,             0.00014458
                    131,                  1.829,                 1.1134,                 1.8554,                0.59776,                 0.4904,                0.51345,                0.29539,                 2.7904,                 2.7278,                 2.5083,              0.0001426,              0.0001426,              0.0001426
                    132,                 1.8225,                 1.1018,                 1.8497,                0.66525,                0.46427,                0.50592,                0.29882,                 2.7895,                 2.7428,                 2.5153,             0.00014062,             0.00014062,             0.00014062
                    133,                 1.8544,                 1.1208,                  1.855,                0.68996,                0.46966,                0.51974,                 0.3039,                 2.8028,                 2.7067,                 2.5257,             0.00013864,             0.00013864,             0.00013864
                    134,                 1.8308,                 1.1103,                 1.8547,                0.61284,                0.48669,                0.52559,                0.30543,                 2.7965,                 2.7568,                 2.5114,             0.00013666,             0.00013666,             0.00013666
                    135,                 1.8582,                 1.1229,                 1.8546,                0.58941,                0.49709,                0.52009,                 0.3033,                 2.8041,                 2.7742,                 2.5168,             0.00013468,             0.00013468,             0.00013468
                    136,                 1.8712,                 1.1366,                 1.8576,                0.57865,                0.48746,                0.51918,                0.30037,                 2.8086,                 2.7534,                 2.5303,              0.0001327,              0.0001327,              0.0001327
                    137,                 1.8378,                 1.1075,                 1.8439,                0.59226,                0.47536,                0.51644,                0.29478,                 2.8014,                  2.753,                 2.5196,             0.00013072,             0.00013072,             0.00013072
                    138,                 1.8357,                 1.1034,                 1.8428,                0.64904,                0.47947,                0.51021,                0.29364,                 2.8132,                 2.7768,                 2.5368,             0.00012874,             0.00012874,             0.00012874
                    139,                 1.8437,                 1.1162,                 1.8458,                0.65044,                0.47977,                0.51852,                0.29632,                 2.8129,                 2.7342,                  2.527,             0.00012676,             0.00012676,             0.00012676
                    140,                 1.8118,                 1.0911,                 1.8462,                0.70058,                0.46899,                0.52088,                0.29909,                 2.8019,                 2.7521,                 2.5138,             0.00012478,             0.00012478,             0.00012478
                    141,                 1.8388,                 1.1035,                 1.8439,                0.61179,                0.47566,                0.52214,                0.30094,                 2.8075,                 2.7655,                 2.5296,              0.0001228,              0.0001228,              0.0001228
                    142,                  1.848,                 1.1078,                 1.8418,                0.62314,                0.48145,                0.51275,                0.29816,                  2.798,                 2.7765,                 2.5218,             0.00012082,             0.00012082,             0.00012082
                    143,                 1.8216,                 1.0924,                 1.8512,                0.70531,                 0.4738,                0.52291,                0.30802,                 2.7971,                 2.7644,                 2.5281,             0.00011884,             0.00011884,             0.00011884
                    144,                 1.8158,                  1.082,                 1.8368,                0.62323,                0.48365,                0.52205,                0.30712,                 2.8049,                 2.7782,                 2.5266,             0.00011686,             0.00011686,             0.00011686
                    145,                   1.81,                 1.0819,                 1.8402,                0.59201,                 0.4984,                0.51874,                0.30654,                 2.8046,                 2.7914,                 2.5298,             0.00011488,             0.00011488,             0.00011488
                    146,                  1.799,                 1.0748,                 1.8441,                0.63471,                0.45455,                0.52188,                0.30665,                 2.8229,                 2.8202,                 2.5441,              0.0001129,              0.0001129,              0.0001129
                    147,                 1.8019,                 1.0747,                 1.8355,                0.60759,                0.47171,                0.51733,                0.30781,                  2.797,                 2.8278,                 2.5292,             0.00011092,             0.00011092,             0.00011092
                    148,                 1.7932,                  1.085,                 1.8446,                0.59862,                  0.479,                  0.524,                0.30863,                 2.7988,                 2.8409,                 2.5278,             0.00010894,             0.00010894,             0.00010894
                    149,                 1.8076,                  1.076,                 1.8416,                0.62037,                 0.4675,                0.52194,                0.30577,                 2.8115,                 2.7977,                 2.5391,             0.00010696,             0.00010696,             0.00010696
                    150,                  1.802,                 1.0747,                  1.835,                0.60708,                0.47829,                0.52627,                0.30102,                 2.8123,                 2.8188,                 2.5335,             0.00010498,             0.00010498,             0.00010498
                    151,                 1.8126,                 1.0857,                 1.8397,                0.60041,                0.47586,                0.52387,                0.30236,                 2.8129,                 2.8242,                 2.5289,               0.000103,               0.000103,               0.000103
                    152,                 1.7864,                 1.0682,                 1.8388,                 0.5983,                 0.4822,                0.52037,                0.29983,                 2.8116,                 2.8259,                 2.5343,             0.00010102,             0.00010102,             0.00010102
                    153,                 1.7852,                  1.058,                 1.8288,                0.60121,                0.47537,                0.51443,                0.30487,                 2.8125,                 2.8371,                 2.5347,              9.904e-05,              9.904e-05,              9.904e-05
                    154,                 1.7875,                 1.0639,                 1.8343,                0.61843,                0.46476,                0.52068,                0.30537,                 2.8172,                 2.8234,                  2.549,              9.706e-05,              9.706e-05,              9.706e-05
                    155,                 1.7985,                 1.0668,                  1.829,                0.62858,                0.45167,                 0.5132,                 0.3012,                 2.8142,                 2.8187,                 2.5493,              9.508e-05,              9.508e-05,              9.508e-05
                    156,                 1.7743,                 1.0538,                 1.8292,                0.60593,                0.47197,                0.51242,                0.30158,                 2.8133,                 2.7953,                 2.5651,               9.31e-05,               9.31e-05,               9.31e-05
                    157,                 1.7723,                 1.0494,                 1.8311,                0.60987,                0.48377,                0.52219,                0.30357,                 2.8242,                 2.8164,                 2.5697,              9.112e-05,              9.112e-05,              9.112e-05
                    158,                  1.789,                 1.0741,                 1.8309,                0.58976,                0.48901,                0.51725,                  0.303,                 2.8375,                  2.838,                 2.5805,              8.914e-05,              8.914e-05,              8.914e-05
                    159,                 1.7525,                 1.0455,                 1.8218,                0.59776,                0.49096,                0.51567,                 0.3028,                 2.8353,                 2.8309,                 2.5711,              8.716e-05,              8.716e-05,              8.716e-05
                    160,                 1.7809,                 1.0514,                 1.8289,                0.61031,                  0.471,                0.51381,                0.29585,                 2.8218,                 2.8347,                 2.5497,              8.518e-05,              8.518e-05,              8.518e-05
                    161,                  1.773,                  1.042,                 1.8299,                 0.6065,                0.47572,                0.52193,                0.30249,                 2.8246,                 2.8309,                 2.5545,               8.32e-05,               8.32e-05,               8.32e-05
                    162,                 1.7721,                 1.0454,                 1.8201,                  0.627,                0.46311,                0.51455,                0.30104,                 2.8251,                  2.842,                 2.5583,              8.122e-05,              8.122e-05,              8.122e-05
                    163,                 1.7671,                 1.0479,                 1.8225,                0.60914,                0.48477,                0.51898,                0.30382,                 2.8091,                  2.832,                 2.5432,              7.924e-05,              7.924e-05,              7.924e-05
                    164,                 1.7359,                 1.0232,                 1.8167,                0.61716,                0.48301,                0.52269,                0.30283,                 2.8184,                 2.8286,                 2.5457,              7.726e-05,              7.726e-05,              7.726e-05
                    165,                 1.7525,                 1.0359,                 1.8211,                0.57727,                0.50812,                0.52218,                0.29788,                 2.8227,                 2.8431,                 2.5476,              7.528e-05,              7.528e-05,              7.528e-05
                    166,                  1.756,                 1.0385,                  1.821,                0.62588,                0.47707,                0.51959,                 0.2948,                 2.8223,                 2.8498,                 2.5482,               7.33e-05,               7.33e-05,               7.33e-05
                    167,                 1.7492,                 1.0293,                 1.8157,                0.69467,                0.46746,                0.52155,                0.29601,                  2.835,                 2.8471,                 2.5613,              7.132e-05,              7.132e-05,              7.132e-05
                    168,                 1.7277,                 1.0227,                 1.8213,                0.56761,                0.49849,                0.50559,                0.28633,                 2.8253,                 2.8424,                 2.5571,              6.934e-05,              6.934e-05,              6.934e-05
                    169,                 1.7284,                 1.0161,                 1.8169,                0.51558,                0.52812,                0.51742,                0.29918,                 2.8257,                 2.8398,                 2.5686,              6.736e-05,              6.736e-05,              6.736e-05
                    170,                 1.7116,                 1.0103,                 1.8163,                0.62411,                0.47836,                0.52134,                0.29752,                 2.8422,                 2.8587,                 2.5795,              6.538e-05,              6.538e-05,              6.538e-05
                    171,                 1.7489,                 1.0357,                 1.8171,                0.62113,                0.48084,                0.51807,                0.29781,                 2.8349,                 2.8503,                 2.5763,               6.34e-05,               6.34e-05,               6.34e-05
                    172,                 1.7352,                 1.0261,                 1.8175,                 0.6142,                0.49009,                0.51598,                0.29709,                 2.8247,                 2.8362,                 2.5751,              6.142e-05,              6.142e-05,              6.142e-05
                    173,                 1.7353,                 1.0126,                  1.815,                0.61534,                0.48927,                0.51514,                 0.3021,                 2.8249,                 2.8281,                 2.5721,              5.944e-05,              5.944e-05,              5.944e-05
                    174,                 1.7219,                 1.0036,                 1.8131,                0.60176,                0.49502,                0.51944,                 0.3033,                 2.8334,                 2.8467,                 2.5683,              5.746e-05,              5.746e-05,              5.746e-05
                    175,                 1.7458,                 1.0333,                 1.8073,                0.60934,                0.48295,                0.51426,                 0.3013,                 2.8284,                 2.8594,                 2.5624,              5.548e-05,              5.548e-05,              5.548e-05
                    176,                 1.7283,                 1.0295,                 1.8177,                0.62729,                0.47237,                0.51811,                0.30476,                 2.8227,                 2.8295,                 2.5551,               5.35e-05,               5.35e-05,               5.35e-05
                    177,                 1.7148,                0.99674,                 1.8085,                0.62791,                0.47468,                0.52199,                0.30449,                 2.8303,                 2.8377,                 2.5666,              5.152e-05,              5.152e-05,              5.152e-05
                    178,                 1.7134,                 1.0075,                  1.811,                0.60315,                0.49174,                0.51829,                0.30115,                 2.8321,                 2.8376,                 2.5693,              4.954e-05,              4.954e-05,              4.954e-05
                    179,                 1.7363,                 1.0137,                 1.8162,                0.60972,                 0.4845,                0.52024,                0.30024,                 2.8312,                 2.8475,                 2.5749,              4.756e-05,              4.756e-05,              4.756e-05
                    180,                 1.7324,                 1.0121,                 1.8094,                0.62104,                0.47803,                0.52157,                0.30206,                  2.826,                 2.8457,                 2.5709,              4.558e-05,              4.558e-05,              4.558e-05
                    181,                 1.6993,                0.99311,                 1.8096,                0.60464,                   0.49,                0.52201,                0.30444,                 2.8234,                 2.8341,                 2.5628,               4.36e-05,               4.36e-05,               4.36e-05
                    182,                 1.7193,                 1.0194,                 1.8108,                0.60055,                0.49015,                0.52018,                0.30441,                 2.8205,                 2.8236,                  2.559,              4.162e-05,              4.162e-05,              4.162e-05
                    183,                 1.7158,                  1.006,                 1.8099,                0.59842,                0.48604,                0.51828,                0.30251,                 2.8267,                 2.8286,                 2.5644,              3.964e-05,              3.964e-05,              3.964e-05
                    184,                 1.7166,                 1.0003,                 1.8057,                0.59456,                0.49168,                 0.5175,                0.30267,                 2.8193,                 2.8279,                 2.5612,              3.766e-05,              3.766e-05,              3.766e-05
                    185,                 1.7098,                 1.0023,                 1.8059,                0.62515,                0.46841,                0.52154,                0.30591,                 2.8143,                 2.8178,                 2.5537,              3.568e-05,              3.568e-05,              3.568e-05
                    186,                  1.698,                0.99207,                 1.8074,                0.62043,                0.47422,                 0.5233,                0.30561,                 2.8112,                 2.8211,                 2.5484,               3.37e-05,               3.37e-05,               3.37e-05
                    187,                 1.7142,                0.99932,                 1.8104,                0.60608,                0.49011,                0.52012,                 0.3036,                 2.8146,                 2.8241,                 2.5563,              3.172e-05,              3.172e-05,              3.172e-05
                    188,                 1.7319,                 1.0081,                 1.8033,                0.58316,                0.49933,                0.52001,                 0.3029,                 2.8171,                 2.8446,                 2.5606,              2.974e-05,              2.974e-05,              2.974e-05
                    189,                 1.6889,                0.98603,                 1.7959,                 0.5981,                0.49051,                0.52077,                0.30353,                  2.821,                 2.8543,                 2.5625,              2.776e-05,              2.776e-05,              2.776e-05
                    190,                 1.6869,                0.98264,                 1.7997,                0.59718,                0.49268,                0.52225,                0.30423,                 2.8179,                 2.8473,                  2.561,              2.578e-05,              2.578e-05,              2.578e-05
                    191,                 1.6919,                0.91113,                 1.7799,                0.58796,                0.48922,                0.51972,                0.30169,                 2.8317,                 2.8535,                 2.5771,               2.38e-05,               2.38e-05,               2.38e-05
                    192,                 1.6672,                 0.8929,                 1.7734,                 0.5809,                0.47791,                0.51192,                0.29958,                 2.8441,                 2.8725,                 2.5903,              2.182e-05,              2.182e-05,              2.182e-05
                    193,                 1.6542,                0.88351,                 1.7687,                0.58632,                0.47093,                0.51004,                 0.2977,                 2.8505,                 2.8863,                  2.597,              1.984e-05,              1.984e-05,              1.984e-05
                    194,                 1.6702,                0.89405,                 1.7684,                0.57679,                0.47207,                0.50877,                0.29825,                 2.8553,                 2.8973,                 2.5984,              1.786e-05,              1.786e-05,              1.786e-05
                    195,                 1.6464,                0.87332,                 1.7675,                0.64658,                0.46915,                0.50866,                0.29773,                  2.852,                 2.9166,                 2.5945,              1.588e-05,              1.588e-05,              1.588e-05
                    196,                 1.6526,                0.88088,                 1.7682,                0.64214,                0.46753,                0.50837,                0.29859,                 2.8457,                  2.927,                  2.589,               1.39e-05,               1.39e-05,               1.39e-05
                    197,                   1.65,                0.87288,                 1.7594,                 0.6865,                0.44616,                0.50913,                0.29906,                 2.8432,                 2.9158,                 2.5837,              1.192e-05,              1.192e-05,              1.192e-05
                    198,                 1.6551,                0.87446,                 1.7648,                0.64355,                0.46631,                 0.5084,                0.29846,                 2.8474,                 2.9118,                 2.5866,               9.94e-06,               9.94e-06,               9.94e-06
                    199,                 1.6418,                0.86088,                 1.7647,                0.57121,                0.47256,                0.50783,                0.29802,                 2.8503,                 2.9192,                 2.5904,               7.96e-06,               7.96e-06,               7.96e-06
                    200,                 1.6326,                0.86444,                  1.752,                0.56951,                0.47332,                0.50789,                 0.2989,                 2.8533,                 2.9262,                 2.5931,               5.98e-06,               5.98e-06,               5.98e-06
